{"cameraMode":{"drawMode":0,"name":"Shaded","section":"Shading Mode"},"sceneLighting":true,"audioPlay":false,"sceneViewState":{"showFog":false,"showMaterialUpdate":false,"showSkybox":false,"showFlares":false,"showImageEffects":false,"showParticleSystems":false},"in2DMode":false,"pivot":{"x":1.5320110321044922,"y":-1.8871498107910157,"z":15.290243148803711},"rotation":{"x":0.20693835616111756,"y":-0.11795438081026077,"z":0.02514113113284111,"w":0.9708929657936096},"size":10.147560119628907,"orthographic":false}