{"cameraMode":{"drawMode":0,"name":"Shaded","section":"Shading Mode"},"sceneLighting":true,"audioPlay":false,"sceneViewState":{"m_AlwaysRefresh":false,"showFog":false,"showSkybox":false,"showFlares":false,"showImageEffects":false,"showParticleSystems":false,"showVisualEffectGraphs":true,"m_FxEnabled":true},"in2DMode":false,"pivot":{"x":1.9735262393951417,"y":3.1925790309906008,"z":0.08175596594810486},"rotation":{"x":-0.011999363079667092,"y":0.007499367464333773,"z":0.00009000088175525889,"w":0.9998996257781982},"size":3.007394790649414,"orthographic":false}