{"cameraMode":{"drawMode":0,"name":"Shaded","section":"Shading Mode"},"sceneLighting":false,"audioPlay":false,"sceneViewState":{"m_AlwaysRefresh":false,"showFog":false,"showSkybox":false,"showFlares":false,"showImageEffects":false,"showParticleSystems":false,"showVisualEffectGraphs":true,"m_FxEnabled":true},"in2DMode":false,"pivot":{"x":0.0289839506149292,"y":18.682668685913087,"z":-2.414820909500122},"rotation":{"x":0.0029992300551384689,"y":0.022498024627566339,"z":-0.000067488981585484,"w":0.9997429847717285},"size":1.2047432661056519,"orthographic":false}